{
  "business": "\ud83c\udf3e Farm",
  "scenario": "my_scenario",
  "live_prices": {
    "WHEAT": 582.0,
    "CORN": 459.5,
    "COTTON": 67.9,
    "SUGAR": 15.37
  },
  "predictions": {
    "Inflation (CPI %)": 4.351515309236441,
    "GDP Growth (% Annual)": 3.51460433503963,
    "Unemployment Rate (%)": 6.999301158409648,
    "Interest Rate (Real, %)": 2.1828302569418048
  },
  "baseline": {
    "Inflation (CPI %)": 4.080222296349954,
    "GDP Growth (% Annual)": 3.612698507352469,
    "Unemployment Rate (%)": 6.925922536176927,
    "Interest Rate (Real, %)": 2.0025049727355757
  },
  "cost_impact_pct": 148.84,
  "verdict": "\ud83d\udfe1 Proceed with Caution"
}